en_id	en_name	ko_name	ja_id	ja_name	ja_rarity	en_rarity	en_image	ja_image	confidence	reason	bucket	verdict
sv4-143	Porygon2	폴리곤2	SV4M-049	ポリゴン2	Common	Common	https://images.pokemontcg.io/sv4/143.png	https://assets.tcgdex.net/ja/SV/SV4M/049/low.webp	1	dex+hp+damage+illustrator+rarity	high	
me5-95	Silvally	실버디	M5-093	シルヴァディ	Illustration rare	Illustration Rare	https://images.scrydex.com/pokemon/me5-95/small		1	dex+hp+damage+illustrator+rarity	high	
sv3pt5-59	Arcanine	윈디	SV2a-059	ウインディ	Uncommon	Uncommon	https://images.pokemontcg.io/sv3pt5/59.png	https://assets.tcgdex.net/ja/SV/SV2a/059/low.webp	1	dex+hp+damage+illustrator+rarity	high	
rsv10pt5-88	Swadloon	두르쿤	SV11W-088	クルマユ	Illustration rare	Illustration Rare	https://images.pokemontcg.io/rsv10pt5/88.png		1	dex+hp+damage+illustrator+rarity	high	
me2-26	Suicune	스이쿤	M2-026	スイクン	Rare	Rare	https://images.pokemontcg.io/me2/26.png		1	dex+hp+damage+illustrator+rarity	high	
sv5-196	Raging Bolt ex	날뛰는우레 ex	SV5K-089	タケルライコex	Ultra Rare	Ultra Rare	https://images.pokemontcg.io/sv5/196.png	https://assets.tcgdex.net/ja/SV/SV5K/089/low.webp	1	dex+hp+damage+illustrator+rarity	high	
me2-83	Buneary	이어롤	M2-071	ミミロル	Common	Common	https://images.pokemontcg.io/me2/83.png		1	dex+hp+damage+illustrator+rarity	high	
sv1-78	Wattrel	찌리비	SV1S-024	カイデン	Common	Common	https://images.pokemontcg.io/sv1/78.png	https://assets.tcgdex.net/ja/SV/SV1S/024/low.webp	1	dex+hp+damage+illustrator+rarity	high	
sv4pt5-97	Skiploom	두코	SV4a-196	ポポッコ		Shiny Rare	https://images.pokemontcg.io/sv4pt5/97.png	https://assets.tcgdex.net/ja/SV/SV4a/196/low.webp	0.95	dex+hp+damage+illustrator	high	
sv1-135	Maschiff	오라티프	SV1V-053	オラチフ	Common	Common	https://images.pokemontcg.io/sv1/135.png	https://assets.tcgdex.net/ja/SV/SV1V/053/low.webp	1	dex+hp+damage+illustrator+rarity	high	
sv6-170	Dipplin	과미르	SV6-103	カミッチュ	Illustration rare	Illustration Rare	https://images.pokemontcg.io/sv6/170.png	https://assets.tcgdex.net/ja/SV/SV6/103/low.webp	1	dex+hp+damage+illustrator+rarity	high	
zsv10pt5-100	Volcarona	불카모스	SV11B-104	ウルガモス	Illustration rare	Illustration Rare	https://images.pokemontcg.io/zsv10pt5/100.png		1	dex+hp+damage+illustrator+rarity	high	
sv3pt5-24	Arbok ex	아보크 ex	SV2a-024	アーボックex	Double rare	Double Rare	https://images.pokemontcg.io/sv3pt5/24.png	https://assets.tcgdex.net/ja/SV/SV2a/024/low.webp	1	dex+hp+damage+illustrator+rarity	high	
sv4pt5-139	Thundurus	볼트로스	SV4a-244	ボルトロス		Shiny Rare	https://images.pokemontcg.io/sv4pt5/139.png	https://assets.tcgdex.net/ja/SV/SV4a/244/low.webp	0.95	dex+hp+damage+illustrator	high	
sv3pt5-102	Exeggcute	아라리	SV2a-102	タマタマ	Common	Common	https://images.pokemontcg.io/sv3pt5/102.png	https://assets.tcgdex.net/ja/SV/SV2a/102/low.webp	1	dex+hp+damage+illustrator+rarity	high	
sv3pt5-35	Clefairy	삐삐	SV2a-035	ピッピ	Common	Common	https://images.pokemontcg.io/sv3pt5/35.png	https://assets.tcgdex.net/ja/SV/SV2a/035/low.webp	1	dex+hp+damage+illustrator+rarity	high	
zsv10pt5-45	Drilbur	두더류	SV11B-048	モグリュー	Common	Common	https://images.pokemontcg.io/zsv10pt5/45.png		1	dex+hp+damage+illustrator+rarity	high	
sv5-133	Pidove	콩둘기	SV5M-057	マメパト	Common	Common	https://images.pokemontcg.io/sv5/133.png		1	dex+hp+damage+illustrator+rarity	high	
sv2-223	Grafaiai	태깅구르	SV2D-080	タギングル		Illustration Rare	https://images.pokemontcg.io/sv2/223.png	https://assets.tcgdex.net/ja/SV/SV2D/080/low.webp	0.95	dex+hp+damage+illustrator	high	
zsv10pt5-139	Klink	기어르	SV11W-146	ギアル	Illustration rare	Illustration Rare	https://images.pokemontcg.io/zsv10pt5/139.png		1	dex+hp+damage+illustrator+rarity	high	
sv3-148	Pawniard	자망칼	SV3-080	コマタナ	Common	Common	https://images.pokemontcg.io/sv3/148.png	https://assets.tcgdex.net/ja/SV/SV3/080/low.webp	1	dex+hp+damage+illustrator+rarity	high	
zsv10pt5-10	Foongus	깜놀버슬	SV11B-010	タマゲタケ	Common	Common	https://images.pokemontcg.io/zsv10pt5/10.png		1	dex+hp+damage+illustrator+rarity	high	
sv3-10	Amoonguss	뽀록나	SV1a-003	モロバレル	Uncommon	Uncommon	https://images.pokemontcg.io/sv3/10.png	https://assets.tcgdex.net/ja/SV/SV1a/003/low.webp	1	dex+hp+damage+illustrator+rarity	high	
sv4pt5-113	Oricorio	춤추새	SV4a-214	オドリドリ		Shiny Rare	https://images.pokemontcg.io/sv4pt5/113.png	https://assets.tcgdex.net/ja/SV/SV4a/214/low.webp	0.95	dex+hp+damage+illustrator	high	
me2pt5-171	Fan Rotom	스핀로토무	SV7-080	スピンロトム	Common	Common	https://images.scrydex.com/pokemon/me2pt5-171/small	https://assets.tcgdex.net/ja/SV/SV7/080/low.webp	1	dex+hp+damage+illustrator+rarity	high	
sv2-34	Fuecoco	뜨아거	SV1a-017	ホゲータ	Common	Common	https://images.pokemontcg.io/sv2/34.png	https://assets.tcgdex.net/ja/SV/SV1a/017/low.webp	1	dex+hp+damage+illustrator+rarity	high	
rsv10pt5-101	Litwick	불켜미	SV11B-100	ヒトモシ	Illustration rare	Illustration Rare	https://images.pokemontcg.io/rsv10pt5/101.png		1	dex+hp+damage+illustrator+rarity	high	
sv4pt5-109	Charmander	파이리	SV4a-210	ヒトカゲ		Shiny Rare	https://images.pokemontcg.io/sv4pt5/109.png	https://assets.tcgdex.net/ja/SV/SV4a/210/low.webp	0.95	dex+hp+damage+illustrator	high	
sv4pt5-68	Noibat	음뱃	SV2D-057	オンバット	Common	Common	https://images.pokemontcg.io/sv4pt5/68.png	https://assets.tcgdex.net/ja/SV/SV2D/057/low.webp	1	dex+hp+damage+illustrator+rarity	high	
sv2-204	Marill	마릴	SV2P-073	マリル		Illustration Rare	https://images.pokemontcg.io/sv2/204.png	https://assets.tcgdex.net/ja/SV/SV2P/073/low.webp	0.95	dex+hp+damage+illustrator	high	
sv6-201	Blissey ex	해피너스 ex	SV6-121	ハピナスex	Ultra Rare	Ultra Rare	https://images.pokemontcg.io/sv6/201.png	https://assets.tcgdex.net/ja/SV/SV6/121/low.webp	1	dex+hp+damage+illustrator+rarity	high	
sv4-128	Ferrothorn	너트령	SV3a-044	ナットレイ	Uncommon	Uncommon	https://images.pokemontcg.io/sv4/128.png	https://assets.tcgdex.net/ja/SV/SV3a/044/low.webp	1	dex+hp+damage+illustrator+rarity	high	
sv2-48	Eiscue	빙큐보	SV2P-019	コオリッポ	Uncommon	Uncommon	https://images.pokemontcg.io/sv2/48.png	https://assets.tcgdex.net/ja/SV/SV2P/019/low.webp	1	dex+hp+damage+illustrator+rarity	high	
sv4pt5-45	Mankey	망키	SV1V-049	マンキー	Common	Common	https://images.pokemontcg.io/sv4pt5/45.png	https://assets.tcgdex.net/ja/SV/SV1V/049/low.webp	1	dex+hp+damage+illustrator+rarity	high	
me4-24	Avalugg	크레베이스	M4-024	クレベース	Uncommon	Uncommon	https://images.scrydex.com/pokemon/me4-24/small		1	dex+hp+damage+illustrator+rarity	high	
me5-41	Annihilape	저승갓숭	M5-039	コノヨザル	Uncommon	Uncommon	https://images.scrydex.com/pokemon/me5-41/small		1	dex+hp+damage+illustrator+rarity	high	
sv1-130	Croagunk	삐딱구리	SV1S-054	グレッグル	Common	Common	https://images.pokemontcg.io/sv1/130.png	https://assets.tcgdex.net/ja/SV/SV1S/054/low.webp	1	dex+hp+damage+illustrator+rarity	high	
sv2-64	Raichu	라이츄	SV2D-018	ライチュウ	Uncommon	Uncommon	https://images.pokemontcg.io/sv2/64.png	https://assets.tcgdex.net/ja/SV/SV2D/018/low.webp	1	dex+hp+damage+illustrator+rarity	high	
me2pt5-71	Iono's Wattrel	모야모의 찌리비	SV9-031	ナンジャモのカイデン	Common	Common	https://images.scrydex.com/pokemon/me2pt5-71/small	https://assets.tcgdex.net/ja/SV/SV9/031/low.webp	1	dex+hp+damage+illustrator+rarity	high	
sv4-117	Garbodor	더스트나	SV4K-050	ダストダス	Uncommon	Uncommon	https://images.pokemontcg.io/sv4/117.png	https://assets.tcgdex.net/ja/SV/SV4K/050/low.webp	1	dex+hp+damage+illustrator+rarity	high	
zsv10pt5-33	Thundurus	볼트로스	SV11B-036	ボルトロス	Rare	Rare	https://images.pokemontcg.io/zsv10pt5/33.png		1	dex+hp+damage+illustrator+rarity	high	
sv4pt5-152	Xatu	네이티오	SV4a-257	ネイティオ		Shiny Rare	https://images.pokemontcg.io/sv4pt5/152.png	https://assets.tcgdex.net/ja/SV/SV4a/257/low.webp	0.95	dex+hp+damage+illustrator	high	
sv4-190	Vanillish	바닐리치	SV4M-070	バニリッチ		Illustration Rare	https://images.pokemontcg.io/sv4/190.png	https://assets.tcgdex.net/ja/SV/SV4M/070/low.webp	0.95	dex+hp+damage+illustrator	high	
sv3pt5-118	Goldeen	콘치	SV2a-118	トサキント	Common	Common	https://images.pokemontcg.io/sv3pt5/118.png	https://assets.tcgdex.net/ja/SV/SV2a/118/low.webp	1	dex+hp+damage+illustrator+rarity	high	
sv4-134	Aegislash	킬가르도	SV3a-047	ギルガルド	Rare	Rare	https://images.pokemontcg.io/sv4/134.png	https://assets.tcgdex.net/ja/SV/SV3a/047/low.webp	1	dex+hp+damage+illustrator+rarity	high	
sv4pt5-226	Pawmi	빠모	SV4a-340	パモ		Illustration Rare	https://images.pokemontcg.io/sv4pt5/226.png	https://assets.tcgdex.net/ja/SV/SV4a/340/low.webp	0.95	dex+hp+damage+illustrator	high	
sv1-221	Starly	찌르꼬	SV1S-090	ムックル		Illustration Rare	https://images.pokemontcg.io/sv1/221.png	https://assets.tcgdex.net/ja/SV/SV1S/090/low.webp	0.95	dex+hp+damage+illustrator	high	
sv1-199	Tarountula	타랜툴라	SV1V-079	タマンチュラ	Illustration rare	Illustration Rare	https://images.pokemontcg.io/sv1/199.png	https://assets.tcgdex.net/ja/SV/SV1V/079/low.webp	1	dex+hp+damage+illustrator+rarity	high	
sv3pt5-144	Articuno	프리져	SV2a-144	フリーザー	Rare	Rare	https://images.pokemontcg.io/sv3pt5/144.png	https://assets.tcgdex.net/ja/SV/SV2a/144/low.webp	1	dex+hp+damage+illustrator+rarity	high	
me2pt5-128	Poochyena	포챠나	SV5K-048	ポチエナ	Common	Common	https://images.scrydex.com/pokemon/me2pt5-128/small	https://assets.tcgdex.net/ja/SV/SV5K/048/low.webp	1	dex+hp+damage+illustrator+rarity	high	
me4-122	Mega Greninja ex	메가개굴닌자 ex	M4-120	メガゲッコウガex	Mega Hyper Rare	Mega Hyper Rare	https://images.scrydex.com/pokemon/me4-122/small		1	dex+hp+damage+illustrator+rarity	high	
sv4pt5-20	Chinchou	초라기	SV3a-012	チョンチー	Common	Common	https://images.pokemontcg.io/sv4pt5/20.png	https://assets.tcgdex.net/ja/SV/SV3a/012/low.webp	1	dex+hp+damage+illustrator+rarity	high	
sv5-168	Snom	누니머기	SV5K-073	ユキハミ	Illustration rare	Illustration Rare	https://images.pokemontcg.io/sv5/168.png	https://assets.tcgdex.net/ja/SV/SV5K/073/low.webp	1	dex+hp+damage+illustrator+rarity	high	
sv5-166	Sawsbuck	바라철록	SV5M-074	メブキジカ	Illustration rare	Illustration Rare	https://images.pokemontcg.io/sv5/166.png		1	dex+hp+damage+illustrator+rarity	high	
zsv10pt5-39	Reuniclus	란쿨루스	SV11B-042	ランクルス	Uncommon	Uncommon	https://images.pokemontcg.io/zsv10pt5/39.png		1	dex+hp+damage+illustrator+rarity	high	
sv4pt5-4	Toedscool	들눈해	SV1V-009	ノノクラゲ	Common	Common	https://images.pokemontcg.io/sv4pt5/4.png	https://assets.tcgdex.net/ja/SV/SV1V/009/low.webp	1	dex+hp+damage+illustrator+rarity	high	
sv6pt5-46	Haxorus	액스라이즈	SV6a-046	オノノクス	Rare	Rare	https://images.pokemontcg.io/sv6pt5/46.png	https://assets.tcgdex.net/ja/SV/SV6a/046/low.webp	1	dex+hp+damage+illustrator+rarity	high	
sv5-189	Walking Wake ex	굽이치는물결 ex	SV5K-086	ウネルミナモex	Ultra Rare	Ultra Rare	https://images.pokemontcg.io/sv5/189.png	https://assets.tcgdex.net/ja/SV/SV5K/086/low.webp	1	dex+hp+damage+illustrator+rarity	high	
sv3-116	Rockruff	암멍이	SV3-061	イワンコ	Common	Common	https://images.pokemontcg.io/sv3/116.png	https://assets.tcgdex.net/ja/SV/SV3/061/low.webp	1	dex+hp+damage+illustrator+rarity	high	
sv3-17	Steenee	달무리나	SV2P-008	アママイコ	Common	Common	https://images.pokemontcg.io/sv3/17.png	https://assets.tcgdex.net/ja/SV/SV2P/008/low.webp	1	dex+hp+damage+illustrator+rarity	high	
sv8-208	Alolan Dugtrio	알로라 닥트리오	SV8-116	アローラ ダグトリオ	Illustration rare	Illustration Rare	https://images.pokemontcg.io/sv8/208.png		0.8	dex+hp+damage+rarity	mid	
me1-139	Litleo	레오꼬	M1S-066	シシコ	Illustration rare	Illustration Rare	https://images.pokemontcg.io/me1/139.png		0.8	dex+hp+damage+rarity	mid	
sv9-185	N's Zoroark ex	N의 조로아크 ex	M2a-242	Nのゾロアークex	Special illustration rare	Special Illustration Rare	https://images.pokemontcg.io/sv9/185.png		0.8	dex+hp+damage+rarity	mid	
me1-152	Delibird	딜리버드	M1S-074	デリバード	Illustration rare	Illustration Rare	https://images.pokemontcg.io/me1/152.png		0.8	dex+hp+damage+rarity	mid	
sv10-88	Team Rocket's Dottler	로켓단의 레돔벌레	SV10-043	ロケット団のレドームシ	Common	Common	https://images.pokemontcg.io/sv10/88.png	https://assets.tcgdex.net/ja/SV/SV10/043/low.webp	0.8	dex+hp+damage+rarity	mid	
me3-42	Binacle	거북손손	M3-041	カメテテ	Common	Common	https://images.scrydex.com/pokemon/me3-42/small		0.8	dex+hp+damage+rarity	mid	
sv10-140	Forretress	쏘콘	SV10-073	フォレトス	Uncommon	Uncommon	https://images.pokemontcg.io/sv10/140.png	https://assets.tcgdex.net/ja/SV/SV10/073/low.webp	0.8	dex+hp+damage+rarity	mid	
sv10-145	Steven's Metagross ex	성호의 메타그로스 ex	M2a-245	ダイゴのメタグロスex	Special illustration rare	Double Rare	https://images.pokemontcg.io/sv10/145.png		0.75	dex+hp+damage	mid	
me1-88	Yveltal	이벨타르	M1L-040	イベルタル	Rare	Rare	https://images.pokemontcg.io/me1/88.png		0.8	dex+hp+damage+rarity	mid	
me1-78	Croagunk	삐딱구리	M1L-030	グレッグル	Common	Common	https://images.pokemontcg.io/me1/78.png		0.8	dex+hp+damage+rarity	mid	
me3-14	Talonflame	파이어로	M3-014	ファイアロー	Uncommon	Uncommon	https://images.scrydex.com/pokemon/me3-14/small		0.8	dex+hp+damage+rarity	mid	
sv7-93	Pangoro	부란다	SV7-063	ゴロンダ	Uncommon	Uncommon	https://images.pokemontcg.io/sv7/93.png	https://assets.tcgdex.net/ja/SV/SV7/063/low.webp	0.8	dex+hp+damage+rarity	mid	
sv8-58	Magnemite	코일	SV8-034	コイル	Common	Common	https://images.pokemontcg.io/sv8/58.png	https://assets.tcgdex.net/ja/SV/SV8/034/low.webp	0.8	dex+hp+damage+rarity	mid	
sv8-56	Chien-Pao	파오젠	SV8-032	パオジアン	Rare	Rare	https://images.pokemontcg.io/sv8/56.png	https://assets.tcgdex.net/ja/SV/SV8/032/low.webp	0.8	dex+hp+damage+rarity	mid	
sv4pt5-50	Barboach	미꾸리	SV2D-038	ドジョッチ	Common	Common	https://images.pokemontcg.io/sv4pt5/50.png	https://assets.tcgdex.net/ja/SV/SV2D/038/low.webp	0.8	dex+hp+damage+rarity	mid	
sv7-54	Togedemaru	토게데마루	SV7-036	トゲデマル	Uncommon	Uncommon	https://images.pokemontcg.io/sv7/54.png	https://assets.tcgdex.net/ja/SV/SV7/036/low.webp	0.8	dex+hp+damage+rarity	mid	
sv10-30	Rapidash	날쌩마	SV9a-014	ギャロップ	Uncommon	Uncommon	https://images.pokemontcg.io/sv10/30.png	https://assets.tcgdex.net/ja/SV/SV9a/014/low.webp	0.8	dex+hp+damage+rarity	mid	
sv9-12	Shelmet	쪼마리	SV9-008	チョボマキ	Common	Common	https://images.pokemontcg.io/sv9/12.png	https://assets.tcgdex.net/ja/SV/SV9/008/low.webp	0.8	dex+hp+damage+rarity	mid	
me1-3	Mega Venusaur ex	메가이상해꽃 ex	M1L-003	メガフシギバナex	Double rare	Double Rare	https://images.pokemontcg.io/me1/3.png		0.8	dex+hp+damage+rarity	mid	
me3-40	Hippowdon	하마돈	M3-039	カバルドン	Uncommon	Uncommon	https://images.scrydex.com/pokemon/me3-40/small		0.8	dex+hp+damage+rarity	mid	
sv10-154	Team Rocket's Porygon2	로켓단의 폴리곤2	SV10-082	ロケット団のポリゴン2	Common	Common	https://images.pokemontcg.io/sv10/154.png	https://assets.tcgdex.net/ja/SV/SV10/082/low.webp	0.8	dex+hp+damage+rarity	mid	
sv8-140	Appletun	단지래플	SV7a-047	タルップル	Uncommon	Uncommon	https://images.pokemontcg.io/sv8/140.png	https://assets.tcgdex.net/ja/SV/SV7a/047/low.webp	0.8	dex+hp+damage+rarity	mid	
me1-57	Jynx	루주라	M1S-039	ルージュラ	Common	Common	https://images.pokemontcg.io/me1/57.png		0.8	dex+hp+damage+rarity	mid	
sv10-127	Team Rocket's Murkrow	로켓단의 니로우	SV10-071	ロケット団のヤミカラス	Uncommon	Uncommon	https://images.pokemontcg.io/sv10/127.png	https://assets.tcgdex.net/ja/SV/SV10/071/low.webp	0.8	dex+hp+damage+rarity	mid	
me1-59	Kirlia	킬리아	M1S-041	キルリア	Common	Common	https://images.pokemontcg.io/me1/59.png		0.8	dex+hp+damage+rarity	mid	
sv10-43	Heat Rotom	히트로토무	SV10-021	ヒートロトム	Common	Common	https://images.pokemontcg.io/sv10/43.png	https://assets.tcgdex.net/ja/SV/SV10/021/low.webp	0.8	dex+hp+damage+rarity	mid	
me1-136	Shuckle	단단지	M1S-006	ツボツボ	Uncommon	Illustration Rare	https://images.pokemontcg.io/me1/136.png		0.75	dex+hp+damage	mid	
sv10-217	Team Rocket's Crobat ex	로켓단의 크로뱃 ex	SV10-117	ロケット団のクロバットex	Ultra Rare	Ultra Rare	https://images.pokemontcg.io/sv10/217.png		0.8	dex+hp+damage+rarity	mid	
sv10-17	Dipplin	과미르	SV9a-010	カミッチュ	Common	Common	https://images.pokemontcg.io/sv10/17.png	https://assets.tcgdex.net/ja/SV/SV9a/010/low.webp	0.8	dex+hp+damage+rarity	mid	
zsv10pt5-67	Genesect ex	게노세크트 ex	SV11B-069	ゲノセクトex	Double rare	Double Rare	https://images.pokemontcg.io/zsv10pt5/67.png		0.8	dex+hp+damage+illustrator+rarity (2 candidates)	mid	
sv10-206	Yanmega ex	메가자리 ex	M2a-003	メガヤンマex	Double rare	Ultra Rare	https://images.pokemontcg.io/sv10/206.png		0.75	dex+hp+damage	mid	
sv2-51	Quaxwell	아꾸왁	SV4a-042	ウェルカモ		Uncommon	https://images.pokemontcg.io/sv2/51.png	https://assets.tcgdex.net/ja/SV/SV4a/042/low.webp	0.75	dex+hp+damage+illustrator (3 candidates)	mid	
rsv10pt5-172	Victini	비크티니	SV11B-012	ビクティニ	Rare	Rare	https://images.pokemontcg.io/rsv10pt5/172.png		0.8	dex+hp+damage+rarity	mid	
sv4pt5-64	Varoom	부르롱	SV4a-300	ブロロン		Common	https://images.pokemontcg.io/sv4pt5/64.png	https://assets.tcgdex.net/ja/SV/SV4a/300/low.webp	0.75	dex+hp+damage	mid	
sv8-16	Vulpix	식스테일	SVLS-001	ロコン	None	Common	https://images.pokemontcg.io/sv8/16.png	https://assets.tcgdex.net/ja/SV/SVLS/001/low.webp	0.75	dex+hp+damage	mid	
sv10-152	Tauros	켄타로스	SV9a-053	ケンタロス	Common	Common	https://images.pokemontcg.io/sv10/152.png	https://assets.tcgdex.net/ja/SV/SV9a/053/low.webp	0.8	dex+hp+damage+rarity	mid	
me1-151	Spearow	깨비참	M1L-074	オニスズメ	Illustration rare	Illustration Rare	https://images.pokemontcg.io/me1/151.png		0.8	dex+hp+damage+rarity	mid	
me1-15	Shiftry	다탱구	M1L-009	ダーテング	Uncommon	Uncommon	https://images.pokemontcg.io/me1/15.png		0.8	dex+hp+damage+rarity	mid	
sv10-204	Kangaskhan	캥카	SV10-110	ガルーラ	Illustration rare	Illustration Rare	https://images.pokemontcg.io/sv10/204.png		0.8	dex+hp+damage+rarity	mid	
sv9-138	Hop's Cramorant	호브의 윽우지	SV9-087	ホップのウッウ	Uncommon	Uncommon	https://images.pokemontcg.io/sv9/138.png	https://assets.tcgdex.net/ja/SV/SV9/087/low.webp	0.8	dex+hp+damage+rarity	mid	
