en_id	ja_id	verdict
sv4-143	SV4M-049	ok
me5-95	M5-093	ok
sv3pt5-59	SV2a-059	ok
rsv10pt5-88	SV11W-088	ok
me2-26	M2-026	ok
sv5-196	SV5K-089	ok
me2-83	M2-071	ok
sv1-78	SV1S-024	ok
sv4pt5-97	SV4a-196	ok
sv1-135	SV1V-053	ok
sv6-170	SV6-103	ok
zsv10pt5-100	SV11B-104	ok
sv3pt5-24	SV2a-024	ok
sv4pt5-139	SV4a-244	ok
sv3pt5-102	SV2a-102	ok
sv3pt5-35	SV2a-035	ok
zsv10pt5-45	SV11B-048	ok
sv5-133	SV5M-057	ok
sv2-223	SV2D-080	ok
zsv10pt5-139	SV11W-146	ok
sv3-148	SV3-080	ok
zsv10pt5-10	SV11B-010	ok
sv3-10	SV1a-003	ok
sv4pt5-113	SV4a-214	ok
me2pt5-171	SV7-080	ok
sv2-34	SV1a-017	ok
rsv10pt5-101	SV11B-100	ok
sv4pt5-109	SV4a-210	ok
sv4pt5-68	SV2D-057	ok
sv2-204	SV2P-073	ok
sv6-201	SV6-121	ok
sv4-128	SV3a-044	ok
sv2-48	SV2P-019	ok
sv4pt5-45	SV1V-049	ok
me4-24	M4-024	ok
me5-41	M5-039	ok
sv1-130	SV1S-054	ok
sv2-64	SV2D-018	ok
me2pt5-71	SV9-031	ok
sv4-117	SV4K-050	ok
zsv10pt5-33	SV11B-036	ok
sv4pt5-152	SV4a-257	ok
sv4-190	SV4M-070	ok
sv3pt5-118	SV2a-118	ok
sv4-134	SV3a-047	ok
sv4pt5-226	SV4a-340	ok
sv1-221	SV1S-090	ok
sv1-199	SV1V-079	ok
sv3pt5-144	SV2a-144	ok
me2pt5-128	SV5K-048	ok
sv4pt5-20	SV3a-012	ok
sv5-168	SV5K-073	ok
sv5-166	SV5M-074	ok
zsv10pt5-39	SV11B-042	ok
sv4pt5-4	SV1V-009	ok
sv6pt5-46	SV6a-046	ok
sv5-189	SV5K-086	ok
sv3-116	SV3-061	ok
sv3-17	SV2P-008	ok
sv8-208	SV8-116	ok
me1-139	M1S-066	ok
sv9-185	M2a-242	wrong
me1-152	M1S-074	ok
sv10-88	SV10-043	ok
me3-42	M3-041	ok
sv10-140	SV10-073	ok
sv10-145	M2a-245	wrong
me1-88	M1L-040	ok
me1-78	M1L-030	ok
me3-14	M3-014	ok
sv7-93	SV7-063	ok
sv8-58	SV8-034	ok
sv8-56	SV8-032	ok
sv4pt5-50	SV2D-038	wrong
sv7-54	SV7-036	ok
sv10-30	SV9a-014	ok
sv9-12	SV9-008	ok
me1-3	M1L-003	ok
me3-40	M3-039	ok
sv10-154	SV10-082	ok
sv8-140	SV7a-047	ok
me1-57	M1S-039	ok
sv10-127	SV10-071	ok
me1-59	M1S-041	ok
sv10-43	SV10-021	ok
me1-136	M1S-006	wrong
sv10-217	SV10-117	ok
sv10-17	SV9a-010	ok
zsv10pt5-67	SV11B-069	ok
sv10-206	M2a-003	wrong
sv2-51	SV4a-042	ok
rsv10pt5-172	SV11B-012	wrong
sv4pt5-64	SV4a-300	wrong
sv8-16	SVLS-001	ok
sv10-152	SV9a-053	ok
me1-151	M1L-074	ok
me1-15	M1L-009	ok
sv10-204	SV10-110	ok
sv9-138	SV9-087	ok
