english	draft	confidence	sample_card	set	number	image
Energy Search	에너지 서치	M	me3-72	Perfect Order	72	https://yongb15.github.io/pokemon-card-images-lg/me3/me3-72.webp
Dark Patch	다크 패치	M	swsh11-216	Lost Origin	216	https://yongb15.github.io/pokemon-card-images-lg/swsh11/swsh11-216.webp
Pokégear 3.0	포켓기어 3.0	H	zsv10pt5-84	Black Bolt	84	https://yongb15.github.io/pokemon-card-images-lg/zsv10pt5/zsv10pt5-84.webp
Acerola's Mischief	아세로라의 장난	M	me2pt5-180	Ascended Heroes	180	https://yongb15.github.io/pokemon-card-images-lg/me2pt5/me2pt5-180.webp
Fighting Gong	격투 징	L	me2pt5-187	Ascended Heroes	187	https://yongb15.github.io/pokemon-card-images-lg/me2pt5/me2pt5-187.webp
Forest of Vitality	활력의 숲	M	me3-109	Perfect Order	109	https://yongb15.github.io/pokemon-card-images-lg/me3/me3-109.webp
Iron Defender	아이언 디펜더	M	me5-110	Pitch Black	110	https://yongb15.github.io/pokemon-card-images-lg/me5/me5-110.webp
Lillie's Determination	릴리에의 결심	M	me2pt5-192	Ascended Heroes	192	https://yongb15.github.io/pokemon-card-images-lg/me2pt5/me2pt5-192.webp
Lt. Surge's Bargain	마티스의 거래	M	me1-120	Mega Evolution	120	https://yongb15.github.io/pokemon-card-images-lg/me1/me1-120.webp
Mega Signal	메가 시그널	M	me2pt5-193	Ascended Heroes	193	https://yongb15.github.io/pokemon-card-images-lg/me2pt5/me2pt5-193.webp
Mystery Garden	미스터리 가든	M	me2pt5-194	Ascended Heroes	194	https://yongb15.github.io/pokemon-card-images-lg/me2pt5/me2pt5-194.webp
Pokémon Center Lady	포켓몬센터 누나	M	me1-123	Mega Evolution	123	https://yongb15.github.io/pokemon-card-images-lg/me1/me1-123.webp
Premium Power Pro	프리미엄 파워 프로	M	me2pt5-199	Ascended Heroes	199	https://yongb15.github.io/pokemon-card-images-lg/me2pt5/me2pt5-199.webp
Risky Ruins	위험한 폐허	L	me1-127	Mega Evolution	127	https://yongb15.github.io/pokemon-card-images-lg/me1/me1-127.webp
Strange Timepiece	이상한 시계	L	me1-128	Mega Evolution	128	https://yongb15.github.io/pokemon-card-images-lg/me1/me1-128.webp
Surfing Beach	서핑 비치	L	me4-114	Chaos Rising	114	https://yongb15.github.io/pokemon-card-images-lg/me4/me4-114.webp
Wally's Compassion	민진의 배려	L	me1-132	Mega Evolution	132	https://yongb15.github.io/pokemon-card-images-lg/me1/me1-132.webp
Buddy-Buddy Poffin	친구친구 포핀	M	me2pt5-184	Ascended Heroes	184	https://yongb15.github.io/pokemon-card-images-lg/me2pt5/me2pt5-184.webp
Night Stretcher	밤의 들것	M	me2pt5-196	Ascended Heroes	196	https://yongb15.github.io/pokemon-card-images-lg/me2pt5/me2pt5-196.webp
Battle Cage	배틀 케이지	M	me2-85	Phantasmal Flames	85	https://yongb15.github.io/pokemon-card-images-lg/me2/me2-85.webp
Blowtorch	토치	L	me2-86	Phantasmal Flames	86	https://yongb15.github.io/pokemon-card-images-lg/me2/me2-86.webp
Dizzying Valley	어지러운 계곡	L	me2-88	Phantasmal Flames	88	https://yongb15.github.io/pokemon-card-images-lg/me2/me2-88.webp
Firebreather	불뿜기 아저씨	L	me2-89	Phantasmal Flames	89	https://yongb15.github.io/pokemon-card-images-lg/me2/me2-89.webp
Grimsley's Move	연무의 한 수	L	me2-90	Phantasmal Flames	90	https://yongb15.github.io/pokemon-card-images-lg/me2/me2-90.webp
Jumbo Ice Cream	점보 아이스크림	M	me4-109	Chaos Rising	109	https://yongb15.github.io/pokemon-card-images-lg/me4/me4-109.webp
Punk Helmet	펑크 헬멧	M	me2-92	Phantasmal Flames	92	https://yongb15.github.io/pokemon-card-images-lg/me2/me2-92.webp
Sacred Charm	성스러운 부적	L	me2-93	Phantasmal Flames	93	https://yongb15.github.io/pokemon-card-images-lg/me2/me2-93.webp
Wondrous Patch	신비한 패치	L	me3-117	Perfect Order	117	https://yongb15.github.io/pokemon-card-images-lg/me3/me3-117.webp
Ignition Energy	이그니션 에너지	M	me2-124	Phantasmal Flames	124	https://yongb15.github.io/pokemon-card-images-lg/me2/me2-124.webp
Anthea & Concordia	헬레나 & 바베나	M	me2pt5-182	Ascended Heroes	182	https://yongb15.github.io/pokemon-card-images-lg/me2pt5/me2pt5-182.webp
Canari	카나리	M	me2pt5-185	Ascended Heroes	185	https://yongb15.github.io/pokemon-card-images-lg/me2pt5/me2pt5-185.webp
Counter Gain	카운터 게인	M	me2pt5-186	Ascended Heroes	186	https://yongb15.github.io/pokemon-card-images-lg/me2pt5/me2pt5-186.webp
Glass Trumpet	유리 트럼펫	M	me2pt5-189	Ascended Heroes	189	https://yongb15.github.io/pokemon-card-images-lg/me2pt5/me2pt5-189.webp
Iris's Fighting Spirit	아이리스의 투지	M	me2pt5-190	Ascended Heroes	190	https://yongb15.github.io/pokemon-card-images-lg/me2pt5/me2pt5-190.webp
N's PP Up	N의 포인트업	M	me2pt5-195	Ascended Heroes	195	https://yongb15.github.io/pokemon-card-images-lg/me2pt5/me2pt5-195.webp
Nighttime Mine	밤의 광산	L	me2pt5-197	Ascended Heroes	197	https://yongb15.github.io/pokemon-card-images-lg/me2pt5/me2pt5-197.webp
Surfer	서퍼	H	me2pt5-200	Ascended Heroes	200	https://yongb15.github.io/pokemon-card-images-lg/me2pt5/me2pt5-200.webp
Team Rocket's Archer	로켓단의 아폴로	M	me2pt5-201	Ascended Heroes	201	https://yongb15.github.io/pokemon-card-images-lg/me2pt5/me2pt5-201.webp
Team Rocket's Ariana	로켓단의 아테나	M	me2pt5-202	Ascended Heroes	202	https://yongb15.github.io/pokemon-card-images-lg/me2pt5/me2pt5-202.webp
Team Rocket's Factory	로켓단의 공장	M	me2pt5-203	Ascended Heroes	203	https://yongb15.github.io/pokemon-card-images-lg/me2pt5/me2pt5-203.webp
Team Rocket's Giovanni	로켓단의 비주기	H	me2pt5-204	Ascended Heroes	204	https://yongb15.github.io/pokemon-card-images-lg/me2pt5/me2pt5-204.webp
Team Rocket's Great Ball	로켓단의 슈퍼볼	M	me2pt5-205	Ascended Heroes	205	https://yongb15.github.io/pokemon-card-images-lg/me2pt5/me2pt5-205.webp
Team Rocket's Hypnotizer	로켓단의 최면기	L	me2pt5-206	Ascended Heroes	206	https://yongb15.github.io/pokemon-card-images-lg/me2pt5/me2pt5-206.webp
Team Rocket's Petrel	로켓단의 람다	M	me2pt5-207	Ascended Heroes	207	https://yongb15.github.io/pokemon-card-images-lg/me2pt5/me2pt5-207.webp
Team Rocket's Proton	로켓단의 랜스	M	me2pt5-208	Ascended Heroes	208	https://yongb15.github.io/pokemon-card-images-lg/me2pt5/me2pt5-208.webp
Team Rocket's Transceiver	로켓단의 무전기	L	me2pt5-209	Ascended Heroes	209	https://yongb15.github.io/pokemon-card-images-lg/me2pt5/me2pt5-209.webp
Team Rocket's Watchtower	로켓단의 감시탑	M	me2pt5-210	Ascended Heroes	210	https://yongb15.github.io/pokemon-card-images-lg/me2pt5/me2pt5-210.webp
Thick Scale	두꺼운 비늘	L	me2pt5-211	Ascended Heroes	211	https://yongb15.github.io/pokemon-card-images-lg/me2pt5/me2pt5-211.webp
Tool Scrapper	툴 스크래퍼	M	me4-115	Chaos Rising	115	https://yongb15.github.io/pokemon-card-images-lg/me4/me4-115.webp
Prism Energy	프리즘 에너지	H	me2pt5-216	Ascended Heroes	216	https://yongb15.github.io/pokemon-card-images-lg/me2pt5/me2pt5-216.webp
Team Rocket's Energy	로켓단 에너지	M	me2pt5-217	Ascended Heroes	217	https://yongb15.github.io/pokemon-card-images-lg/me2pt5/me2pt5-217.webp
Black Belt's Training	태권왕의 수련	L	me2pt5-255	Ascended Heroes	255	https://yongb15.github.io/pokemon-card-images-lg/me2pt5/me2pt5-255.webp
Jamming Tower	방해 전파탑	L	me2pt5-261	Ascended Heroes	261	https://yongb15.github.io/pokemon-card-images-lg/me2pt5/me2pt5-261.webp
Hole-Digging Shovel	구멍파기 삽	L	me3-74	Perfect Order	74	https://yongb15.github.io/pokemon-card-images-lg/me3/me3-74.webp
Energy Recycler	에너지 리사이클러	M	me3-108	Perfect Order	108	https://yongb15.github.io/pokemon-card-images-lg/me3/me3-108.webp
Adversity Policy	역경보험	L	me4-74	Chaos Rising	74	https://yongb15.github.io/pokemon-card-images-lg/me4/me4-74.webp
Ange Floette	앙주 플라엣테	L	me4-75	Chaos Rising	75	https://yongb15.github.io/pokemon-card-images-lg/me4/me4-75.webp
AZ's Tranquility	AZ의 평온	L	me4-76	Chaos Rising	76	https://yongb15.github.io/pokemon-card-images-lg/me4/me4-76.webp
Emma	엠마	H	me4-77	Chaos Rising	77	https://yongb15.github.io/pokemon-card-images-lg/me4/me4-77.webp
Great Haul Net	대어 그물	L	me4-78	Chaos Rising	78	https://yongb15.github.io/pokemon-card-images-lg/me4/me4-78.webp
Philippe	필리프	L	me4-79	Chaos Rising	79	https://yongb15.github.io/pokemon-card-images-lg/me4/me4-79.webp
Roxie's Performance	보미카의 퍼포먼스	M	me4-81	Chaos Rising	81	https://yongb15.github.io/pokemon-card-images-lg/me4/me4-81.webp
Special Red Card	스페셜 레드카드	M	me4-82	Chaos Rising	82	https://yongb15.github.io/pokemon-card-images-lg/me4/me4-82.webp
Transformation Tome	변신의 서	L	me4-83	Chaos Rising	83	https://yongb15.github.io/pokemon-card-images-lg/me4/me4-83.webp
Bubbly Water Energy	거품 물 에너지	L	me4-84	Chaos Rising	84	https://yongb15.github.io/pokemon-card-images-lg/me4/me4-84.webp
Magnetic Metal Energy	자력 강철 에너지	L	me4-85	Chaos Rising	85	https://yongb15.github.io/pokemon-card-images-lg/me4/me4-85.webp
Nitro Fire Energy	니트로 불꽃 에너지	L	me4-86	Chaos Rising	86	https://yongb15.github.io/pokemon-card-images-lg/me4/me4-86.webp
Antique Armor Fossil	고대의 방패의화석	M	me5-72	Pitch Black	72	https://yongb15.github.io/pokemon-card-images-lg/me5/me5-72.webp
Antique Skull Fossil	고대의 두개의화석	M	me5-73	Pitch Black	73	https://yongb15.github.io/pokemon-card-images-lg/me5/me5-73.webp
Backtrack Badge	되돌아가기 배지	L	me5-74	Pitch Black	74	https://yongb15.github.io/pokemon-card-images-lg/me5/me5-74.webp
Dark Bell	다크 벨	L	me5-75	Pitch Black	75	https://yongb15.github.io/pokemon-card-images-lg/me5/me5-75.webp
Fossil Quarry	화석 채굴장	L	me5-76	Pitch Black	76	https://yongb15.github.io/pokemon-card-images-lg/me5/me5-76.webp
Gladion's Final Battle	글라디오의 마지막 승부	L	me5-77	Pitch Black	77	https://yongb15.github.io/pokemon-card-images-lg/me5/me5-77.webp
Gwynn	귄	L	me5-78	Pitch Black	78	https://yongb15.github.io/pokemon-card-images-lg/me5/me5-78.webp
Jett	제트	L	me5-79	Pitch Black	79	https://yongb15.github.io/pokemon-card-images-lg/me5/me5-79.webp
Misty's Vitality	이슬의 활력	L	me5-80	Pitch Black	80	https://yongb15.github.io/pokemon-card-images-lg/me5/me5-80.webp
Rust Syndicate Grunt	녹슨 신디케이트 조무래기	L	me5-81	Pitch Black	81	https://yongb15.github.io/pokemon-card-images-lg/me5/me5-81.webp
Tremendous Bomb	굉장한 폭탄	L	me5-82	Pitch Black	82	https://yongb15.github.io/pokemon-card-images-lg/me5/me5-82.webp
Shadowy Darkness Energy	그림자 악 에너지	L	me5-83	Pitch Black	83	https://yongb15.github.io/pokemon-card-images-lg/me5/me5-83.webp
Voltaic Lightning Energy	볼테익 번개 에너지	L	me5-84	Pitch Black	84	https://yongb15.github.io/pokemon-card-images-lg/me5/me5-84.webp
Brave Bangle	용기의 팔찌	M	me5-104	Pitch Black	104	https://yongb15.github.io/pokemon-card-images-lg/me5/me5-104.webp
Egg Incubator	알 부화기	L	pgo-66	Pokémon GO	66	https://yongb15.github.io/pokemon-card-images-lg/pgo/pgo-66.webp
Lure Module	루어 모듈	H	pgo-67	Pokémon GO	67	https://yongb15.github.io/pokemon-card-images-lg/pgo/pgo-67.webp
PokéStop	포켓스톱	H	pgo-68	Pokémon GO	68	https://yongb15.github.io/pokemon-card-images-lg/pgo/pgo-68.webp
Antique Plume Fossil	고대의 깃털화석	M	rsv10pt5-79	White Flare	79	https://yongb15.github.io/pokemon-card-images-lg/rsv10pt5/rsv10pt5-79.webp
Harlequin	피에로	M	rsv10pt5-83	White Flare	83	https://yongb15.github.io/pokemon-card-images-lg/rsv10pt5/rsv10pt5-83.webp
Hilda	토우코	L	rsv10pt5-84	White Flare	84	https://yongb15.github.io/pokemon-card-images-lg/rsv10pt5/rsv10pt5-84.webp
Unidentified Fossil	정체불명의 화석	M	swsh12-165	Silver Tempest	165	https://yongb15.github.io/pokemon-card-images-lg/swsh12/swsh12-165.webp
Energy Loto	에너지 로토	M	swsh10-140	Astral Radiance	140	https://yongb15.github.io/pokemon-card-images-lg/swsh10/swsh10-140.webp
Beach Court	비치 코트	M	sv4-263	Paradox Rift	263	https://yongb15.github.io/pokemon-card-images-lg/sv4/sv4-263.webp
Defiance Band	반골 밴드	M	sv1-169	Scarlet & Violet	169	https://yongb15.github.io/pokemon-card-images-lg/sv1/sv1-169.webp
Electric Generator	일렉트릭 제너레이터	M	sv4pt5-79	Paldean Fates	79	https://yongb15.github.io/pokemon-card-images-lg/sv4pt5/sv4pt5-79.webp
Jacq	잭	M	sv1-175	Scarlet & Violet	175	https://yongb15.github.io/pokemon-card-images-lg/sv1/sv1-175.webp
Katy	단풍	M	sv1-177	Scarlet & Violet	177	https://yongb15.github.io/pokemon-card-images-lg/sv1/sv1-177.webp
Miriam	미모자	M	sv1-179	Scarlet & Violet	179	https://yongb15.github.io/pokemon-card-images-lg/sv1/sv1-179.webp
Picnic Basket	피크닉 바구니	M	sv1-184	Scarlet & Violet	184	https://yongb15.github.io/pokemon-card-images-lg/sv1/sv1-184.webp
Rock Chestplate	바위 가슴보호대	L	sv1-192	Scarlet & Violet	192	https://yongb15.github.io/pokemon-card-images-lg/sv1/sv1-192.webp
Team Star Grunt	스타단 조무래기	M	sv3-195	Obsidian Flames	195	https://yongb15.github.io/pokemon-card-images-lg/sv3/sv3-195.webp
Vitality Band	활력 밴드	M	sv1-197	Scarlet & Violet	197	https://yongb15.github.io/pokemon-card-images-lg/sv1/sv1-197.webp
Arven's Sandwich	페퍼의 샌드위치	M	sv10-161	Destined Rivals	161	https://yongb15.github.io/pokemon-card-images-lg/sv10/sv10-161.webp
Cynthia's Power Weight	난천의 파워웨이트	L	sv10-162	Destined Rivals	162	https://yongb15.github.io/pokemon-card-images-lg/sv10/sv10-162.webp
Emcee's Hype	MC의 분위기 띄우기	L	sv10-163	Destined Rivals	163	https://yongb15.github.io/pokemon-card-images-lg/sv10/sv10-163.webp
Ethan's Adventure	광의 모험	M	sv10-165	Destined Rivals	165	https://yongb15.github.io/pokemon-card-images-lg/sv10/sv10-165.webp
Spikemuth Gym	스파이크타운 체육관	L	sv10-169	Destined Rivals	169	https://yongb15.github.io/pokemon-card-images-lg/sv10/sv10-169.webp
Team Rocket's Bother-Bot	로켓단의 방해 로봇	L	sv10-172	Destined Rivals	172	https://yongb15.github.io/pokemon-card-images-lg/sv10/sv10-172.webp
Team Rocket's Venture Bomb	로켓단의 모험 폭탄	L	sv10-179	Destined Rivals	179	https://yongb15.github.io/pokemon-card-images-lg/sv10/sv10-179.webp
TM Machine	기술머신 머신	L	sv10-181	Destined Rivals	181	https://yongb15.github.io/pokemon-card-images-lg/sv10/sv10-181.webp
Levincia	하코사시티	L	sv10-244	Destined Rivals	244	https://yongb15.github.io/pokemon-card-images-lg/sv10/sv10-244.webp
Artazon	어템포타운	L	sv4pt5-76	Paldean Fates	76	https://yongb15.github.io/pokemon-card-images-lg/sv4pt5/sv4pt5-76.webp
Bravery Charm	용기의 부적	M	sv7-175	Stellar Crown	175	https://yongb15.github.io/pokemon-card-images-lg/sv7/sv7-175.webp
Calamitous Snowy Mountain	재앙의 설산	M	sv2-174	Paldea Evolved	174	https://yongb15.github.io/pokemon-card-images-lg/sv2/sv2-174.webp
Calamitous Wasteland	재앙의 황무지	M	sv2-175	Paldea Evolved	175	https://yongb15.github.io/pokemon-card-images-lg/sv2/sv2-175.webp
Choice Belt	구애벨트	M	sv2-176	Paldea Evolved	176	https://yongb15.github.io/pokemon-card-images-lg/sv2/sv2-176.webp
Delivery Drone	배달 드론	M	sv2-178	Paldea Evolved	178	https://yongb15.github.io/pokemon-card-images-lg/sv2/sv2-178.webp
Dendra	라임	L	sv2-179	Paldea Evolved	179	https://yongb15.github.io/pokemon-card-images-lg/sv2/sv2-179.webp
Fighting Au Lait	격투 카페오레	L	sv2-181	Paldea Evolved	181	https://yongb15.github.io/pokemon-card-images-lg/sv2/sv2-181.webp
Giacomo	피나	M	sv8pt5-138	Prismatic Evolutions	138	https://yongb15.github.io/pokemon-card-images-lg/sv8pt5/sv8pt5-138.webp
Practice Studio	연습 스튜디오	L	sv2-186	Paldea Evolved	186	https://yongb15.github.io/pokemon-card-images-lg/sv2/sv2-186.webp
Saguaro	사구아로	L	sv2-187	Paldea Evolved	187	https://yongb15.github.io/pokemon-card-images-lg/sv2/sv2-187.webp
Jet Energy	제트 에너지	H	sv8-252	Surging Sparks	252	https://yongb15.github.io/pokemon-card-images-lg/sv8/sv8-252.webp
Luminous Energy	루미너스 에너지	M	sv6-226	Twilight Masquerade	226	https://yongb15.github.io/pokemon-card-images-lg/sv6/sv6-226.webp
Reversal Energy	리버설 에너지	M	sv4-266	Paradox Rift	266	https://yongb15.github.io/pokemon-card-images-lg/sv4/sv4-266.webp
Therapeutic Energy	테라퓨틱 에너지	M	sv2-193	Paldea Evolved	193	https://yongb15.github.io/pokemon-card-images-lg/sv2/sv2-193.webp
Brassius	콜사	M	sv8pt5-135	Prismatic Evolutions	135	https://yongb15.github.io/pokemon-card-images-lg/sv8pt5/sv8pt5-135.webp
Geeta	테사	M	sv3-188	Obsidian Flames	188	https://yongb15.github.io/pokemon-card-images-lg/sv3/sv3-188.webp
Letter of Encouragement	성호에게줄편지	L	sv3-189	Obsidian Flames	189	https://yongb15.github.io/pokemon-card-images-lg/sv3/sv3-189.webp
Ortega	오르티가	M	sv8pt5-141	Prismatic Evolutions	141	https://yongb15.github.io/pokemon-card-images-lg/sv8pt5/sv8pt5-141.webp
Patrol Cap	순찰 모자	L	sv3-191	Obsidian Flames	191	https://yongb15.github.io/pokemon-card-images-lg/sv3/sv3-191.webp
Pokémon League Headquarters	포켓몬리그 본부	M	sv3-192	Obsidian Flames	192	https://yongb15.github.io/pokemon-card-images-lg/sv3/sv3-192.webp
Town Store	마을 상점	L	sv3-196	Obsidian Flames	196	https://yongb15.github.io/pokemon-card-images-lg/sv3/sv3-196.webp
Vengeful Punch	복수의 펀치	L	sv3-197	Obsidian Flames	197	https://yongb15.github.io/pokemon-card-images-lg/sv3/sv3-197.webp
Antique Dome Fossil	고대의 껍질화석	M	sv3pt5-152	151	152	https://yongb15.github.io/pokemon-card-images-lg/sv3pt5/sv3pt5-152.webp
Antique Helix Fossil	고대의 조개화석	M	sv3pt5-153	151	153	https://yongb15.github.io/pokemon-card-images-lg/sv3pt5/sv3pt5-153.webp
Antique Old Amber	고대의 비밀의호박	M	sv3pt5-154	151	154	https://yongb15.github.io/pokemon-card-images-lg/sv3pt5/sv3pt5-154.webp
Big Air Balloon	큰 풍선	M	sv3pt5-155	151	155	https://yongb15.github.io/pokemon-card-images-lg/sv3pt5/sv3pt5-155.webp
Bill's Transfer	이수재의 전송	L	sv3pt5-156	151	156	https://yongb15.github.io/pokemon-card-images-lg/sv3pt5/sv3pt5-156.webp
Daisy's Help	나리의 도움	L	sv3pt5-158	151	158	https://yongb15.github.io/pokemon-card-images-lg/sv3pt5/sv3pt5-158.webp
Energy Sticker	에너지 스티커	M	sv3pt5-159	151	159	https://yongb15.github.io/pokemon-card-images-lg/sv3pt5/sv3pt5-159.webp
Erika's Invitation	민화의 초대	M	sv3pt5-160	151	160	https://yongb15.github.io/pokemon-card-images-lg/sv3pt5/sv3pt5-160.webp
Giovanni's Charisma	비주기의 카리스마	M	sv3pt5-161	151	161	https://yongb15.github.io/pokemon-card-images-lg/sv3pt5/sv3pt5-161.webp
Grabber	그래버	L	sv3pt5-162	151	162	https://yongb15.github.io/pokemon-card-images-lg/sv3pt5/sv3pt5-162.webp
Protective Goggles	방진고글	M	sv3pt5-164	151	164	https://yongb15.github.io/pokemon-card-images-lg/sv3pt5/sv3pt5-164.webp
Rigid Band	단단한 밴드	L	sv3pt5-165	151	165	https://yongb15.github.io/pokemon-card-images-lg/sv3pt5/sv3pt5-165.webp
Ancient Booster Energy Capsule	고대의 부스트 에너지	M	sv5-140	Temporal Forces	140	https://yongb15.github.io/pokemon-card-images-lg/sv5/sv5-140.webp
Counter Catcher	카운터 캐처	H	sv4-160	Paradox Rift	160	https://yongb15.github.io/pokemon-card-images-lg/sv4/sv4-160.webp
Cursed Duster	저주의 먼지떨이	L	sv4-161	Paradox Rift	161	https://yongb15.github.io/pokemon-card-images-lg/sv4/sv4-161.webp
Defiance Vest	반골 조끼	M	sv4-162	Paradox Rift	162	https://yongb15.github.io/pokemon-card-images-lg/sv4/sv4-162.webp
Earthen Vessel	대지의 그릇	H	sv8pt5-106	Prismatic Evolutions	106	https://yongb15.github.io/pokemon-card-images-lg/sv8pt5/sv8pt5-106.webp
Future Booster Energy Capsule	미래의 부스트 에너지	M	sv5-149	Temporal Forces	149	https://yongb15.github.io/pokemon-card-images-lg/sv5/sv5-149.webp
Luxurious Cape	호화로운 망토	M	sv4-166	Paradox Rift	166	https://yongb15.github.io/pokemon-card-images-lg/sv4/sv4-166.webp
Mela	멜로코	M	sv8pt5-140	Prismatic Evolutions	140	https://yongb15.github.io/pokemon-card-images-lg/sv8pt5/sv8pt5-140.webp
Parasol Lady	파라솔 아가씨	M	sv4-169	Paradox Rift	169	https://yongb15.github.io/pokemon-card-images-lg/sv4/sv4-169.webp
Professor Sada's Vitality	올림 박사의 기백	M	sv8pt5-120	Prismatic Evolutions	120	https://yongb15.github.io/pokemon-card-images-lg/sv8pt5/sv8pt5-120.webp
Professor Turo's Scenario	투로 박사의 시나리오	M	sv8pt5-121	Prismatic Evolutions	121	https://yongb15.github.io/pokemon-card-images-lg/sv8pt5/sv8pt5-121.webp
Rika	칠리	L	sv4-172	Paradox Rift	172	https://yongb15.github.io/pokemon-card-images-lg/sv4/sv4-172.webp
Snorlax Doll	잠만보 인형	M	sv4-175	Paradox Rift	175	https://yongb15.github.io/pokemon-card-images-lg/sv4/sv4-175.webp
Technical Machine: Blindside	기술머신 블라인드사이드	L	sv4-176	Paradox Rift	176	https://yongb15.github.io/pokemon-card-images-lg/sv4/sv4-176.webp
Technical Machine: Devolution	기술머신 디볼루션	L	sv4-177	Paradox Rift	177	https://yongb15.github.io/pokemon-card-images-lg/sv4/sv4-177.webp
Technical Machine: Evolution	기술머신 에볼루션	M	sv4-178	Paradox Rift	178	https://yongb15.github.io/pokemon-card-images-lg/sv4/sv4-178.webp
Technical Machine: Turbo Energize	기술머신 터보 에너자이즈	L	sv4-179	Paradox Rift	179	https://yongb15.github.io/pokemon-card-images-lg/sv4/sv4-179.webp
Techno Radar	테크노 레이더	H	sv8pt5-130	Prismatic Evolutions	130	https://yongb15.github.io/pokemon-card-images-lg/sv8pt5/sv8pt5-130.webp
Tulip	리파	M	sv4-181	Paradox Rift	181	https://yongb15.github.io/pokemon-card-images-lg/sv4/sv4-181.webp
Medical Energy	메디컬 에너지	M	sv4-182	Paradox Rift	182	https://yongb15.github.io/pokemon-card-images-lg/sv4/sv4-182.webp
Atticus	비파	L	sv8pt5-133	Prismatic Evolutions	133	https://yongb15.github.io/pokemon-card-images-lg/sv8pt5/sv8pt5-133.webp
Clive	클라이브	L	sv4pt5-78	Paldean Fates	78	https://yongb15.github.io/pokemon-card-images-lg/sv4pt5/sv4pt5-78.webp
Moonlit Hill	달빛 언덕	L	sv4pt5-81	Paldean Fates	81	https://yongb15.github.io/pokemon-card-images-lg/sv4pt5/sv4pt5-81.webp
Nemona's Backpack	네모의 배낭	M	sv4pt5-83	Paldean Fates	83	https://yongb15.github.io/pokemon-card-images-lg/sv4pt5/sv4pt5-83.webp
Paldean Student	팔데아의 학생	M	sv4pt5-85	Paldean Fates	85	https://yongb15.github.io/pokemon-card-images-lg/sv4pt5/sv4pt5-85.webp
Technical Machine: Crisis Punch	기술머신 크라이시스 펀치	L	sv4pt5-90	Paldean Fates	90	https://yongb15.github.io/pokemon-card-images-lg/sv4pt5/sv4pt5-90.webp
Awakening Drum	각성의 북	M	sv5-141	Temporal Forces	141	https://yongb15.github.io/pokemon-card-images-lg/sv5/sv5-141.webp
Bianca's Devotion	벨의 헌신	L	sv5-142	Temporal Forces	142	https://yongb15.github.io/pokemon-card-images-lg/sv5/sv5-142.webp
Boxed Order	박스 주문	L	sv5-143	Temporal Forces	143	https://yongb15.github.io/pokemon-card-images-lg/sv5/sv5-143.webp
Ciphermaniac's Codebreaking	암호 마니아의 해독	M	sv8pt5-104	Prismatic Evolutions	104	https://yongb15.github.io/pokemon-card-images-lg/sv8pt5/sv8pt5-104.webp
Eri	비비안	L	sv8pt5-136	Prismatic Evolutions	136	https://yongb15.github.io/pokemon-card-images-lg/sv8pt5/sv8pt5-136.webp
Explorer's Guidance	탐험가의 길잡이	M	sv8pt5-107	Prismatic Evolutions	107	https://yongb15.github.io/pokemon-card-images-lg/sv8pt5/sv8pt5-107.webp
Full Metal Lab	풀메탈 랩	M	sv5-148	Temporal Forces	148	https://yongb15.github.io/pokemon-card-images-lg/sv5/sv5-148.webp
Hand Trimmer	핸드 트리머	L	sv5-150	Temporal Forces	150	https://yongb15.github.io/pokemon-card-images-lg/sv5/sv5-150.webp
Heavy Baton	무거운 바통	M	sv5-151	Temporal Forces	151	https://yongb15.github.io/pokemon-card-images-lg/sv5/sv5-151.webp
Hero's Cape	영웅의 망토	M	sv5-152	Temporal Forces	152	https://yongb15.github.io/pokemon-card-images-lg/sv5/sv5-152.webp
Maximum Belt	맥시멈 벨트	M	sv8pt5-117	Prismatic Evolutions	117	https://yongb15.github.io/pokemon-card-images-lg/sv8pt5/sv8pt5-117.webp
Morty's Conviction	유빈의 확신	M	sv5-155	Temporal Forces	155	https://yongb15.github.io/pokemon-card-images-lg/sv5/sv5-155.webp
Perilous Jungle	위험한 정글	M	sv5-156	Temporal Forces	156	https://yongb15.github.io/pokemon-card-images-lg/sv5/sv5-156.webp
Prime Catcher	프라임 캐처	H	sv8pt5-119	Prismatic Evolutions	119	https://yongb15.github.io/pokemon-card-images-lg/sv8pt5/sv8pt5-119.webp
Reboot Pod	리부트 포드	M	sv5-158	Temporal Forces	158	https://yongb15.github.io/pokemon-card-images-lg/sv5/sv5-158.webp
Rescue Board	구조 보드	M	sv8pt5-126	Prismatic Evolutions	126	https://yongb15.github.io/pokemon-card-images-lg/sv8pt5/sv8pt5-126.webp
Salvatore	살바토레	L	sv5-160	Temporal Forces	160	https://yongb15.github.io/pokemon-card-images-lg/sv5/sv5-160.webp
Mist Energy	미스트 에너지	M	sv5-161	Temporal Forces	161	https://yongb15.github.io/pokemon-card-images-lg/sv5/sv5-161.webp
Neo Upper Energy	네오 어퍼 에너지	M	sv5-162	Temporal Forces	162	https://yongb15.github.io/pokemon-card-images-lg/sv5/sv5-162.webp
Accompanying Flute	동행의 피리	L	sv6-142	Twilight Masquerade	142	https://yongb15.github.io/pokemon-card-images-lg/sv6/sv6-142.webp
Bug Catching Set	벌레잡이 세트	M	sv8pt5-102	Prismatic Evolutions	102	https://yongb15.github.io/pokemon-card-images-lg/sv8pt5/sv8pt5-102.webp
Caretaker	관리인	M	sv6-144	Twilight Masquerade	144	https://yongb15.github.io/pokemon-card-images-lg/sv6/sv6-144.webp
Carmine	시유	M	sv8pt5-103	Prismatic Evolutions	103	https://yongb15.github.io/pokemon-card-images-lg/sv8pt5/sv8pt5-103.webp
Community Center	커뮤니티 센터	M	sv6-146	Twilight Masquerade	146	https://yongb15.github.io/pokemon-card-images-lg/sv6/sv6-146.webp
Cook	요리사	M	sv6-147	Twilight Masquerade	147	https://yongb15.github.io/pokemon-card-images-lg/sv6/sv6-147.webp
Festival Grounds	축제 광장	M	sv8pt5-108	Prismatic Evolutions	108	https://yongb15.github.io/pokemon-card-images-lg/sv8pt5/sv8pt5-108.webp
Handheld Fan	휴대용 선풍기	M	sv6-150	Twilight Masquerade	150	https://yongb15.github.io/pokemon-card-images-lg/sv6/sv6-150.webp
Hassel	팔자크	M	sv6-151	Twilight Masquerade	151	https://yongb15.github.io/pokemon-card-images-lg/sv6/sv6-151.webp
Hyper Aroma	하이퍼 아로마	H	sv6-152	Twilight Masquerade	152	https://yongb15.github.io/pokemon-card-images-lg/sv6/sv6-152.webp
Kieran	카지	M	sv8pt5-113	Prismatic Evolutions	113	https://yongb15.github.io/pokemon-card-images-lg/sv8pt5/sv8pt5-113.webp
Lana's Aid	수련의 도움	M	sv6-155	Twilight Masquerade	155	https://yongb15.github.io/pokemon-card-images-lg/sv6/sv6-155.webp
Lucky Helmet	럭키 헬멧	M	sv6-158	Twilight Masquerade	158	https://yongb15.github.io/pokemon-card-images-lg/sv6/sv6-158.webp
Ogre's Mask	도깨비 가면	M	sv8pt5-118	Prismatic Evolutions	118	https://yongb15.github.io/pokemon-card-images-lg/sv8pt5/sv8pt5-118.webp
Perrin	페린	L	sv6-160	Twilight Masquerade	160	https://yongb15.github.io/pokemon-card-images-lg/sv6/sv6-160.webp
Raifort	레포르	L	sv8pt5-142	Prismatic Evolutions	142	https://yongb15.github.io/pokemon-card-images-lg/sv8pt5/sv8pt5-142.webp
Scoop Up Cyclone	스쿱업 사이클론	M	sv8pt5-128	Prismatic Evolutions	128	https://yongb15.github.io/pokemon-card-images-lg/sv8pt5/sv8pt5-128.webp
Secret Box	비밀상자	M	sv6-163	Twilight Masquerade	163	https://yongb15.github.io/pokemon-card-images-lg/sv6/sv6-163.webp
Survival Brace	서바이벌 브레이스	M	sv6-164	Twilight Masquerade	164	https://yongb15.github.io/pokemon-card-images-lg/sv6/sv6-164.webp
Unfair Stamp	언페어 스탬프	H	sv6-165	Twilight Masquerade	165	https://yongb15.github.io/pokemon-card-images-lg/sv6/sv6-165.webp
Boomerang Energy	부메랑 에너지	H	sv6-166	Twilight Masquerade	166	https://yongb15.github.io/pokemon-card-images-lg/sv6/sv6-166.webp
Legacy Energy	레거시 에너지	H	sv6-167	Twilight Masquerade	167	https://yongb15.github.io/pokemon-card-images-lg/sv6/sv6-167.webp
Academy at Night	밤의 아카데미	M	sv6pt5-54	Shrouded Fable	54	https://yongb15.github.io/pokemon-card-images-lg/sv6pt5/sv6pt5-54.webp
Binding Mochi	속박 떡	L	sv8pt5-95	Prismatic Evolutions	95	https://yongb15.github.io/pokemon-card-images-lg/sv8pt5/sv8pt5-95.webp
Cassiopeia	카시오페아	M	sv6pt5-56	Shrouded Fable	56	https://yongb15.github.io/pokemon-card-images-lg/sv6pt5/sv6pt5-56.webp
Colress's Tenacity	아크로마의 집념	L	sv6pt5-57	Shrouded Fable	57	https://yongb15.github.io/pokemon-card-images-lg/sv6pt5/sv6pt5-57.webp
Dangerous Laser	위험한 레이저	M	sv6pt5-58	Shrouded Fable	58	https://yongb15.github.io/pokemon-card-images-lg/sv6pt5/sv6pt5-58.webp
Janine's Secret Art	도희의 비술	M	sv8pt5-112	Prismatic Evolutions	112	https://yongb15.github.io/pokemon-card-images-lg/sv8pt5/sv8pt5-112.webp
Neutralization Zone	중화 지대	L	sv6pt5-60	Shrouded Fable	60	https://yongb15.github.io/pokemon-card-images-lg/sv6pt5/sv6pt5-60.webp
Poké Vital A	포켓 바이탈 A	M	sv6pt5-62	Shrouded Fable	62	https://yongb15.github.io/pokemon-card-images-lg/sv6pt5/sv6pt5-62.webp
Powerglass	파워글라스	M	sv6pt5-63	Shrouded Fable	63	https://yongb15.github.io/pokemon-card-images-lg/sv6pt5/sv6pt5-63.webp
Xerosic's Machinations	크세로시키의 음모	L	sv6pt5-64	Shrouded Fable	64	https://yongb15.github.io/pokemon-card-images-lg/sv6pt5/sv6pt5-64.webp
Antique Cover Fossil	고대의 덮개화석	M	zsv10pt5-80	Black Bolt	60	https://yongb15.github.io/pokemon-card-images-lg/zsv10pt5/zsv10pt5-80.webp
Antique Root Fossil	고대의 뿌리화석	M	sv7-130	Stellar Crown	130	https://yongb15.github.io/pokemon-card-images-lg/sv7/sv7-130.webp
Area Zero Underdepths	에어리어 제로 심층부	L	sv8pt5-94	Prismatic Evolutions	94	https://yongb15.github.io/pokemon-card-images-lg/sv8pt5/sv8pt5-94.webp
Crispin	크리스핀	L	sv8pt5-105	Prismatic Evolutions	105	https://yongb15.github.io/pokemon-card-images-lg/sv8pt5/sv8pt5-105.webp
Deluxe Bomb	디럭스 봄	M	sv7-134	Stellar Crown	134	https://yongb15.github.io/pokemon-card-images-lg/sv7/sv7-134.webp
Grand Tree	그랜드 트리	M	sv7-136	Stellar Crown	136	https://yongb15.github.io/pokemon-card-images-lg/sv7/sv7-136.webp
Gravity Gemstone	중력의 원석	L	sv7-137	Stellar Crown	137	https://yongb15.github.io/pokemon-card-images-lg/sv7/sv7-137.webp
Kofu	곤포	M	sv7-138	Stellar Crown	138	https://yongb15.github.io/pokemon-card-images-lg/sv7/sv7-138.webp
Lacey	네리네	L	sv8pt5-114	Prismatic Evolutions	114	https://yongb15.github.io/pokemon-card-images-lg/sv8pt5/sv8pt5-114.webp
Sparkling Crystal	반짝이는 결정	M	sv8pt5-129	Prismatic Evolutions	129	https://yongb15.github.io/pokemon-card-images-lg/sv8pt5/sv8pt5-129.webp
Amulet of Hope	희망의 아뮬렛	M	sv8-162	Surging Sparks	162	https://yongb15.github.io/pokemon-card-images-lg/sv8/sv8-162.webp
Brilliant Blender	브릴리언트 블렌더	M	sv8-164	Surging Sparks	164	https://yongb15.github.io/pokemon-card-images-lg/sv8/sv8-164.webp
Call Bell	호출 벨	L	sv8-165	Surging Sparks	165	https://yongb15.github.io/pokemon-card-images-lg/sv8/sv8-165.webp
Chill Teaser Toy	쿨 장난감	L	sv8-166	Surging Sparks	166	https://yongb15.github.io/pokemon-card-images-lg/sv8/sv8-166.webp
Clemont's Quick Wit	시트론의 재치	M	sv8-167	Surging Sparks	167	https://yongb15.github.io/pokemon-card-images-lg/sv8/sv8-167.webp
Cyrano	제피	L	sv8-170	Surging Sparks	170	https://yongb15.github.io/pokemon-card-images-lg/sv8/sv8-170.webp
Deduction Kit	추리 키트	L	sv8-171	Surging Sparks	171	https://yongb15.github.io/pokemon-card-images-lg/sv8/sv8-171.webp
Dragon Elixir	드래곤 엘릭서	L	sv8-172	Surging Sparks	172	https://yongb15.github.io/pokemon-card-images-lg/sv8/sv8-172.webp
Drayton	슬레트	L	sv8pt5-172	Prismatic Evolutions	172	https://yongb15.github.io/pokemon-card-images-lg/sv8pt5/sv8pt5-172.webp
Energy Search Pro	에너지 서치 프로	M	sv8-176	Surging Sparks	176	https://yongb15.github.io/pokemon-card-images-lg/sv8/sv8-176.webp
Gravity Mountain	중력의 산	M	sv8-177	Surging Sparks	177	https://yongb15.github.io/pokemon-card-images-lg/sv8/sv8-177.webp
Jasmine's Gaze	규리의 시선	M	sv8-178	Surging Sparks	178	https://yongb15.github.io/pokemon-card-images-lg/sv8/sv8-178.webp
Lisia's Appeal	루치아의 어필	M	sv8-179	Surging Sparks	179	https://yongb15.github.io/pokemon-card-images-lg/sv8/sv8-179.webp
Lively Stadium	활기찬 스타디움	L	sv8-180	Surging Sparks	180	https://yongb15.github.io/pokemon-card-images-lg/sv8/sv8-180.webp
Meddling Memo	참견 메모	L	sv8-181	Surging Sparks	181	https://yongb15.github.io/pokemon-card-images-lg/sv8/sv8-181.webp
Megaton Blower	메가톤 블로어	M	sv8-182	Surging Sparks	182	https://yongb15.github.io/pokemon-card-images-lg/sv8/sv8-182.webp
Miracle Headset	미라클 헤드셋	M	sv8-183	Surging Sparks	183	https://yongb15.github.io/pokemon-card-images-lg/sv8/sv8-183.webp
Precious Trolley	프레셔스 트롤리	M	sv8-185	Surging Sparks	185	https://yongb15.github.io/pokemon-card-images-lg/sv8/sv8-185.webp
Scramble Switch	스크램블 스위치	M	sv8-186	Surging Sparks	186	https://yongb15.github.io/pokemon-card-images-lg/sv8/sv8-186.webp
Technical Machine: Fluorite	기술머신 플루오라이트	L	sv8-188	Surging Sparks	188	https://yongb15.github.io/pokemon-card-images-lg/sv8/sv8-188.webp
Tyme	지무	L	sv8pt5-143	Prismatic Evolutions	143	https://yongb15.github.io/pokemon-card-images-lg/sv8pt5/sv8pt5-143.webp
Enriching Energy	인리칭 에너지	L	sv8-191	Surging Sparks	191	https://yongb15.github.io/pokemon-card-images-lg/sv8/sv8-191.webp
Amarys	아마리스	L	sv8pt5-93	Prismatic Evolutions	93	https://yongb15.github.io/pokemon-card-images-lg/sv8pt5/sv8pt5-93.webp
Friends in Paldea	팔데아의 친구들	L	sv8pt5-109	Prismatic Evolutions	109	https://yongb15.github.io/pokemon-card-images-lg/sv8pt5/sv8pt5-109.webp
Larry's Skill	청목의 기술	M	sv8pt5-115	Prismatic Evolutions	115	https://yongb15.github.io/pokemon-card-images-lg/sv8pt5/sv8pt5-115.webp
Max Rod	맥스 로드	M	sv8pt5-116	Prismatic Evolutions	116	https://yongb15.github.io/pokemon-card-images-lg/sv8pt5/sv8pt5-116.webp
Roto-Stick	로토스틱	M	sv8pt5-127	Prismatic Evolutions	127	https://yongb15.github.io/pokemon-card-images-lg/sv8pt5/sv8pt5-127.webp
Treasure Tracker	트레저 트래커	M	sv8pt5-131	Prismatic Evolutions	131	https://yongb15.github.io/pokemon-card-images-lg/sv8pt5/sv8pt5-131.webp
Billy & O'Nare	빌리 & 오너레	L	sv9-142	Journey Together	142	https://yongb15.github.io/pokemon-card-images-lg/sv9/sv9-142.webp
Brock's Scouting	웅의 스카우트	M	sv9-146	Journey Together	146	https://yongb15.github.io/pokemon-card-images-lg/sv9/sv9-146.webp
Hop's Bag	호브의 가방	M	sv9-147	Journey Together	147	https://yongb15.github.io/pokemon-card-images-lg/sv9/sv9-147.webp
Hop's Choice Band	호브의 구애머리띠	M	sv9-148	Journey Together	148	https://yongb15.github.io/pokemon-card-images-lg/sv9/sv9-148.webp
Lillie's Pearl	릴리에의 진주	M	sv9-151	Journey Together	151	https://yongb15.github.io/pokemon-card-images-lg/sv9/sv9-151.webp
Postwick	두두리마을	L	sv9-154	Journey Together	154	https://yongb15.github.io/pokemon-card-images-lg/sv9/sv9-154.webp
Redeemable Ticket	교환권	L	sv9-156	Journey Together	156	https://yongb15.github.io/pokemon-card-images-lg/sv9/sv9-156.webp
Ruffian	불량배	L	sv9-157	Journey Together	157	https://yongb15.github.io/pokemon-card-images-lg/sv9/sv9-157.webp
Spiky Energy	가시 에너지	M	sv9-159	Journey Together	159	https://yongb15.github.io/pokemon-card-images-lg/sv9/sv9-159.webp
Paradise Resort	파라다이스 리조트	M	svp-45	Scarlet & Violet Black Star Promos	45	https://yongb15.github.io/pokemon-card-images-lg/svp/svp-45.webp
Adaman	데키	M	swsh12pt5gg-GG57	Crown Zenith Galarian Gallery	GG57	https://yongb15.github.io/pokemon-card-images-lg/swsh12pt5gg/swsh12pt5gg-GG57.webp
Canceling Cologne	캔슬 코롱	M	swsh10-136	Astral Radiance	136	https://yongb15.github.io/pokemon-card-images-lg/swsh10/swsh10-136.webp
Choy	초이	L	swsh10-137	Astral Radiance	137	https://yongb15.github.io/pokemon-card-images-lg/swsh10/swsh10-137.webp
Cyllene	시마보시	L	swsh10-138	Astral Radiance	138	https://yongb15.github.io/pokemon-card-images-lg/swsh10/swsh10-138.webp
Gapejaw Bog	딱딱입 늪	L	swsh12-213	Silver Tempest	213	https://yongb15.github.io/pokemon-card-images-lg/swsh12/swsh12-213.webp
Gardenia's Vigor	유채의 기력	M	swsh12pt5gg-GG61	Crown Zenith Galarian Gallery	GG61	https://yongb15.github.io/pokemon-card-images-lg/swsh12pt5gg/swsh12pt5gg-GG61.webp
Grant	자크	M	swsh12pt5gg-GG62	Crown Zenith Galarian Gallery	GG62	https://yongb15.github.io/pokemon-card-images-lg/swsh12pt5gg/swsh12pt5gg-GG62.webp
Gutsy Pickaxe	근성 곡괭이	M	swsh10-145	Astral Radiance	145	https://yongb15.github.io/pokemon-card-images-lg/swsh10/swsh10-145.webp
Hisuian Heavy Ball	히스이 헤비볼	M	swsh10-146	Astral Radiance	146	https://yongb15.github.io/pokemon-card-images-lg/swsh10/swsh10-146.webp
Irida	카이	M	swsh12pt5gg-GG63	Crown Zenith Galarian Gallery	GG63	https://yongb15.github.io/pokemon-card-images-lg/swsh12pt5gg/swsh12pt5gg-GG63.webp
Jubilife Village	축복마을	M	swsh10-148	Astral Radiance	148	https://yongb15.github.io/pokemon-card-images-lg/swsh10/swsh10-148.webp
Kamado	시마보시	L	swsh10-149	Astral Radiance	149	https://yongb15.github.io/pokemon-card-images-lg/swsh10/swsh10-149.webp
Supereffective Glasses	효과굉장 안경	L	swsh10-152	Astral Radiance	152	https://yongb15.github.io/pokemon-card-images-lg/swsh10/swsh10-152.webp
Sweet Honey	달콤한 꿀	M	swsh10-153	Astral Radiance	153	https://yongb15.github.io/pokemon-card-images-lg/swsh10/swsh10-153.webp
Switch Cart	교체 카트	M	swsh10-154	Astral Radiance	154	https://yongb15.github.io/pokemon-card-images-lg/swsh10/swsh10-154.webp
Temple of Sinnoh	신오 신전	M	swsh10-155	Astral Radiance	155	https://yongb15.github.io/pokemon-card-images-lg/swsh10/swsh10-155.webp
Trekking Shoes	트레킹 슈즈	M	swsh12pt5-145	Crown Zenith	145	https://yongb15.github.io/pokemon-card-images-lg/swsh12pt5/swsh12pt5-145.webp
Wait and See Turbo	웨이트 앤 시 터보	L	swsh10-158	Astral Radiance	158	https://yongb15.github.io/pokemon-card-images-lg/swsh10/swsh10-158.webp
Zisu	시로	L	swsh10-159	Astral Radiance	159	https://yongb15.github.io/pokemon-card-images-lg/swsh10/swsh10-159.webp
Double Turbo Energy	더블 터보 에너지	H	swsh10-216	Astral Radiance	216	https://yongb15.github.io/pokemon-card-images-lg/swsh10/swsh10-216.webp
Arc Phone	아르크폰	L	swsh11-152	Lost Origin	152	https://yongb15.github.io/pokemon-card-images-lg/swsh11/swsh11-152.webp
Arezu	아레즈	L	swsh11-153	Lost Origin	153	https://yongb15.github.io/pokemon-card-images-lg/swsh11/swsh11-153.webp
Box of Disaster	재앙의 상자	M	swsh11-154	Lost Origin	154	https://yongb15.github.io/pokemon-card-images-lg/swsh11/swsh11-154.webp
Colress's Experiment	아크로마의 실험	M	swsh12pt5gg-GG59	Crown Zenith Galarian Gallery	GG59	https://yongb15.github.io/pokemon-card-images-lg/swsh12pt5gg/swsh12pt5gg-GG59.webp
Damage Pump	데미지 펌프	M	swsh11-156	Lost Origin	156	https://yongb15.github.io/pokemon-card-images-lg/swsh11/swsh11-156.webp
Iscan	이스칸	L	swsh11-158	Lost Origin	158	https://yongb15.github.io/pokemon-card-images-lg/swsh11/swsh11-158.webp
Lost City	로스트 시티	H	swsh11-161	Lost Origin	161	https://yongb15.github.io/pokemon-card-images-lg/swsh11/swsh11-161.webp
Lost Vacuum	로스트 청소기	H	swsh12pt5-135	Crown Zenith	135	https://yongb15.github.io/pokemon-card-images-lg/swsh12pt5/swsh12pt5-135.webp
Mirage Gate	미라지 게이트	H	swsh11-163	Lost Origin	163	https://yongb15.github.io/pokemon-card-images-lg/swsh11/swsh11-163.webp
Miss Fortune Sisters	행운 자매	L	swsh11-164	Lost Origin	164	https://yongb15.github.io/pokemon-card-images-lg/swsh11/swsh11-164.webp
Panic Mask	패닉 마스크	M	swsh11-165	Lost Origin	165	https://yongb15.github.io/pokemon-card-images-lg/swsh11/swsh11-165.webp
Riley	현이	M	swsh11-166	Lost Origin	166	https://yongb15.github.io/pokemon-card-images-lg/swsh11/swsh11-166.webp
Thorton	다투리	L	swsh11-167	Lost Origin	167	https://yongb15.github.io/pokemon-card-images-lg/swsh11/swsh11-167.webp
Tool Box	도구 상자	M	swsh11-168	Lost Origin	168	https://yongb15.github.io/pokemon-card-images-lg/swsh11/swsh11-168.webp
Volo	우르스	L	swsh12pt5-151	Crown Zenith	151	https://yongb15.github.io/pokemon-card-images-lg/swsh12pt5/swsh12pt5-151.webp
Windup Arm	태엽 팔	L	swsh11-170	Lost Origin	170	https://yongb15.github.io/pokemon-card-images-lg/swsh11/swsh11-170.webp
Gift Energy	기프트 에너지	H	swsh11-171	Lost Origin	171	https://yongb15.github.io/pokemon-card-images-lg/swsh11/swsh11-171.webp
Collapsed Stadium	무너진 스타디움	M	swsh11-215	Lost Origin	215	https://yongb15.github.io/pokemon-card-images-lg/swsh11/swsh11-215.webp
Brandon	주지	L	swsh12-151	Silver Tempest	151	https://yongb15.github.io/pokemon-card-images-lg/swsh12/swsh12-151.webp
Capturing Aroma	포획 아로마	M	swsh12-153	Silver Tempest	153	https://yongb15.github.io/pokemon-card-images-lg/swsh12/swsh12-153.webp
Earthen Seal Stone	대지의 봉인석	M	swsh12-154	Silver Tempest	154	https://yongb15.github.io/pokemon-card-images-lg/swsh12/swsh12-154.webp
Emergency Jelly	비상 젤리	L	swsh12-155	Silver Tempest	155	https://yongb15.github.io/pokemon-card-images-lg/swsh12/swsh12-155.webp
Forest Seal Stone	숲의 봉인석	H	swsh12-156	Silver Tempest	156	https://yongb15.github.io/pokemon-card-images-lg/swsh12/swsh12-156.webp
Furisode Girl	후리소데 아가씨	M	swsh12-157	Silver Tempest	157	https://yongb15.github.io/pokemon-card-images-lg/swsh12/swsh12-157.webp
Leafy Camo Poncho	나뭇잎 위장 판초	L	swsh12-160	Silver Tempest	160	https://yongb15.github.io/pokemon-card-images-lg/swsh12/swsh12-160.webp
Primordial Altar	태고의 제단	L	swsh12-161	Silver Tempest	161	https://yongb15.github.io/pokemon-card-images-lg/swsh12/swsh12-161.webp
Quad Stone	쿼드 스톤	L	swsh12-163	Silver Tempest	163	https://yongb15.github.io/pokemon-card-images-lg/swsh12/swsh12-163.webp
Regenerative Energy	재생 에너지	L	swsh12-168	Silver Tempest	168	https://yongb15.github.io/pokemon-card-images-lg/swsh12/swsh12-168.webp
V Guard Energy	V 가드 에너지	H	swsh12-169	Silver Tempest	169	https://yongb15.github.io/pokemon-card-images-lg/swsh12/swsh12-169.webp
Digging Duo	땅파기 콤비	L	swsh12pt5-126	Crown Zenith	126	https://yongb15.github.io/pokemon-card-images-lg/swsh12pt5/swsh12pt5-126.webp
Friends in Hisui	히스이의 친구들	L	swsh12pt5-130	Crown Zenith	130	https://yongb15.github.io/pokemon-card-images-lg/swsh12pt5/swsh12pt5-130.webp
Friends in Sinnoh	신오의 친구들	L	swsh12pt5-131	Crown Zenith	131	https://yongb15.github.io/pokemon-card-images-lg/swsh12pt5/swsh12pt5-131.webp
Sky Seal Stone	하늘의 봉인석	M	swsh12pt5-143	Crown Zenith	143	https://yongb15.github.io/pokemon-card-images-lg/swsh12pt5/swsh12pt5-143.webp
Cheren's Care	체렌의 배려	M	swsh12pt5gg-GG58	Crown Zenith Galarian Gallery	GG58	https://yongb15.github.io/pokemon-card-images-lg/swsh12pt5gg/swsh12pt5gg-GG58.webp
Cynthia's Ambition	난천의 야망	M	swsh12pt5gg-GG60	Crown Zenith Galarian Gallery	GG60	https://yongb15.github.io/pokemon-card-images-lg/swsh12pt5gg/swsh12pt5gg-GG60.webp
Fresh Water Set	맑은 물 세트	L	swsh9-139	Brilliant Stars	139	https://yongb15.github.io/pokemon-card-images-lg/swsh9/swsh9-139.webp
Kindler	불꽃 아저씨	L	swsh9-143	Brilliant Stars	143	https://yongb15.github.io/pokemon-card-images-lg/swsh9/swsh9-143.webp
Magma Basin	마그마 분지	M	swsh9-144	Brilliant Stars	144	https://yongb15.github.io/pokemon-card-images-lg/swsh9/swsh9-144.webp
Marnie's Pride	마리의 자존심	M	swsh9-145	Brilliant Stars	145	https://yongb15.github.io/pokemon-card-images-lg/swsh9/swsh9-145.webp
Pot Helmet	냄비 헬멧	L	swsh9-146	Brilliant Stars	146	https://yongb15.github.io/pokemon-card-images-lg/swsh9/swsh9-146.webp
Roseanne's Backup	로잔느의 지원	L	swsh9-148	Brilliant Stars	148	https://yongb15.github.io/pokemon-card-images-lg/swsh9/swsh9-148.webp
Team Yell's Cheer	에일단의 응원	M	swsh9-149	Brilliant Stars	149	https://yongb15.github.io/pokemon-card-images-lg/swsh9/swsh9-149.webp
Champions Festival	챔피언스 페스티벌	M	swshp-SWSH296	SWSH Black Star Promos	SWSH296	https://yongb15.github.io/pokemon-card-images-lg/swshp/swshp-SWSH296.webp
Energy Coin	에너지 코인	M	zsv10pt5-81	Black Bolt	81	https://yongb15.github.io/pokemon-card-images-lg/zsv10pt5/zsv10pt5-81.webp
Fennel	마코모	M	zsv10pt5-82	Black Bolt	82	https://yongb15.github.io/pokemon-card-images-lg/zsv10pt5/zsv10pt5-82.webp
N's Plan	N의 계획	M	zsv10pt5-83	Black Bolt	83	https://yongb15.github.io/pokemon-card-images-lg/zsv10pt5/zsv10pt5-83.webp
